timestamp,address,answer
2024-09-28T01:40:28.027Z,0x829d9E61EFb24636Ec631446859CF5c5D210f919,Ethereum
2024-09-28T01:45:47.718Z,0x829d9E61EFb24636Ec631446859CF5c5D210f919,Ethereum
2024-09-28T02:16:37.666Z,0x829d9E61EFb24636Ec631446859CF5c5D210f919,Ethereum
2024-09-28T02:25:49.988Z,0x829d9E61EFb24636Ec631446859CF5c5D210f919,Ethereum
2024-09-28T02:28:08.292Z,0x829d9E61EFb24636Ec631446859CF5c5D210f919,Solana
2024-09-28T02:33:33.299Z,0x829d9E61EFb24636Ec631446859CF5c5D210f919,Polkadot
2024-09-28T02:46:10.247Z,0x829d9E61EFb24636Ec631446859CF5c5D210f919,Ethereum
2024-09-28T02:46:18.310Z,0x829d9E61EFb24636Ec631446859CF5c5D210f919,Polkadot
2024-09-28T02:52:56.487Z,0x829d9E61EFb24636Ec631446859CF5c5D210f919,Ethereum
2024-09-28T03:04:12.195Z,0x829d9E61EFb24636Ec631446859CF5c5D210f919,Solana
2024-09-28T03:09:25.075Z,0x829d9E61EFb24636Ec631446859CF5c5D210f919,Polkadot
2024-09-28T03:16:41.903Z,0xa7Dded829500c681B67171af3CED4D6Cb81D2dEe,Ethereum
